video_id,trending_date,title,channel_title,category_id,publish_time,tags,views,likes,dislikes,comment_count,comments_disabled,ratings_disabled,video_error_or_removed,category_name
PxJrWCSJfBk,2018-04-17,Diplo - Suicidal (feat. Desiigner) (Official Music Video),Diplo,10,2018-03-29 14:17:03+00:00,"Suicidal|""Diplo""|""Desiigner""|""Diplo Suicidal feat Desiigner""|""Suicidal Desiigner""|""Desiigner Suicidal""|""Diplo Suicidal""|""Suicidal Diplo""|""Diplo Desiigner""|""Desiigner Diplo""|""Mad Decent""|""Suicidal video""|""Suicidal Official Video""|""california ep""|""diplo california ep""|""desiigner california ep""|""suicidal official video""|""desiigner video""|""diplo video""|""diplo california hip hop ep""|""desiigner music video""|""Diplo - Suicidal (feat. Desiigner) (Official Music Video)""|""diplo muisc""|""desiigner music""",2191593,54119,1703,1322,False,False,False,Music
tVavC33wYaw,2017-12-04,5 脨戮脩聞脨戮脩聙脨录脨禄脨碌脨陆脨陆脩聥脩聟 脩聙脨掳脨卤脨戮脩聜 脨虏 脨戮脨麓脨陆脨戮脨录 脨虏脨赂脨麓脨碌脨戮 / 脨聮脩聥脩聢脨赂脨虏脨潞脨掳 脨潞脩聙脨碌脩聛脩聜脨戮脨录,脨隆脨驴脨禄脨戮脩聢脨陆脩聥脨碌 脨潞脩聙脨碌脩聛脩聜脨赂脨潞脨赂,26,2017-12-03 15:22:37+00:00,[none],3140,360,0,57,False,False,False,Howto & Style
c43kHHRXkF0,2018-02-10,We Try Bubble Face Masks,Good Mythical MORE,24,2018-02-09 11:00:02+00:00,"rhett and link|""good mythical more""|""rhett and link good mythical more""|""good mythical more rhett and link""|""season 12""|""rhett""|""link""|""mythical""|""rhett we try bubble face masks""|""link we try bubble face masks""|""rhett link bubble face masks""|""bubble face masks""",114938,3650,113,535,False,False,False,Entertainment
nWDKZSn1QmE,2018-02-04,脨聵脨職脨聲脨聬. 脨聵脨陆脨鲁脨虏脨掳脩聙 脨職脨掳脨录脨驴脩聙脨掳脨麓. 脨聸脨碌脨鲁脨碌脨陆脨麓脨掳 脨录脨赂脩聙脨戮脨虏脨戮脨鲁脨戮 脨卤脨赂脨路脨陆脨碌脩聛脨掳,脨垄脩聙脨掳脨陆脩聛脩聞脨戮脩聙脨录脨掳脩聜脨戮脩聙,22,2018-02-02 16:13:41+00:00,"脨垄脩聙脨掳脨陆脩聛脩聞脨戮脩聙脨录脨掳脩聜脨戮脩聙|""脨聰脨录脨赂脩聜脩聙脨赂脨鹿 脨聼脨戮脩聙脩聜脨陆脩聫脨鲁脨赂脨陆""|""脨卤脨赂脨路脨陆脨碌脩聛 脨卤脨禄脨戮脨鲁""|""脩聜脩聙脨掳脨陆脩聛脩聞脨戮脩聙脨录脨掳脩聜脨戮脩聙 脨驴脨戮脩聙脩聜脨陆脩聫脨鲁脨赂脨陆""|""脩聜脩聙脨掳脨陆脩聛脩聞脨戮脩聙脨录脨掳脩聜脨戮脩聙 脨麓脨录脨赂脩聜脩聙脨赂脨鹿 脨驴脨戮脩聙脩聜脨陆脩聫脨鲁脨赂脨陆""|""脨潞脨掳脨潞 脩聛脨戮脨路脨麓脨掳脩聜脩聦 脨卤脨赂脨路脨陆脨碌脩聛""|""脨卤脨赂脨路脨陆脨碌脩聛 脨录脨戮脩聜脨赂脨虏脨掳脩聠脨赂脩聫""",274253,14027,737,1449,False,False,False,People & Blogs
tajBRl2X4ts,2018-03-16,"Messi centenaire, Pogba a 25 ans, Ben Yedder le Bleu - La Quotidienne #217",T脙漏l脙漏foot,17,2018-03-15 17:36:34+00:00,"telefoot""|""football""|""tf1""|""la quotidienne""|""marine marck""|""messi""|""leo messi""|""lionel messi""|""lucas hernandez""|""ben yedder""|""equipe de france""|""bleus""|""pogba""|""paul pogba""|""liza""|""lizarazu""|""fc barcelone""|""bar脙搂a""|""demb脙漏l脙漏""|""ousmane demb脙漏l脙漏""|""liste""|""deschamps""|""didier deschamps",65454,3122,49,468,False,False,False,Sports
_nz5Nf0VcE8,2017-11-25,M脙录ge Anl脛卤 ile Tatl脛卤 Sert 24 Kas脛卤m 2017 - Tek Par脙搂a,M脙录ge Anl脛卤 ile Tatl脛卤 Sert,24,2017-11-24 11:12:39+00:00,"M脙录ge Anl脛卤 atv izle|""atv""|""dizi""|""televizyon izle""|""m脙录ge anl脛卤""|""m脙录ge anl脛卤 izle""|""m脙录ge anl脛卤 ile tatl脛卤 sert""|""m脙录ge anl脛卤 canl脛卤""|""izle""|""m脙录ge anl脛卤 atv""|""atv m脙录ge anl脛卤""|""m脙录ge anl脛卤 son dakika haberleri""|""m脙录ge anl脛卤 program脛卤""|""m脙录ge anl脛卤 son dakika""|""M脙聹GE ANLI 24 KASIM""",59338,238,67,67,False,False,False,Entertainment
UBk5FG9-hT8,2017-12-30,Hazard refuse de prolonger 脙聽 Chelsea | Journal du Mercato,Foot Mercato,17,2017-12-29 18:03:30+00:00,"foot""|""football""|""foot mercato""|""info mercato""|""info transfert""|""actualit脙漏s""|""journal du mercato""|""actu sport""|""actu foot""|""krychowiak psg""|""grenier ol""|""aouar ol""|""f脙漏kir ol""|""f脙漏kir derby""|""f脙漏kir maillot""|""ben arfa psg""|""galtier lille""|""galtier asse""|""eder finale euro""|""eder france portugal""|""eder euro 2016""|""hazard chelsea""|""hazard real""|""origi lille""|""origi liverpool""|""goretzka schalke""|""aboubakar porto""|""griezmann atletico""|""gaitan benfica""|""oblak atletico""|""carrasco atletico""|""gameiro atletico",89330,4262,79,295,False,False,False,Sports
TwUaijHsNF0,2018-01-01,how to win any argument with your parents,SACCONEJOLYs,22,2017-12-29 18:00:02+00:00,"family|""mom""|""mommy""|""baby""|""children""|""kids""|""mother""|""father""|""dad""|""son""|""daughter""|""home""|""young family""|""sacconejolys""|""video dairy""|""real life""|""reality tv""|""london""|""jonathan""|""joly""|""anna""|""saccone""",128330,5540,187,262,False,False,False,People & Blogs
p8YSJ-LOeWE,2017-11-26,"[铆聝聢铆聝聢铆聝聢] 67铆職聦 2毛露聙 - 2003毛聟聞 矛聻聟锚碌颅, 毛聜篓铆聲聹矛聝聺铆聶聹, 毛聥陇矛聳聭铆聲聹 矛聵聢矛聢聽 铆聶聹毛聫聶 芒聙娄 毛庐陇矛搂聙矛禄卢 矛聴掳矛露聹, 毛聫聟毛娄陆矛聵聛铆聶聰 锚掳聬毛聫聟 毛聯卤 : 矛聵陇矛搂聞铆聲聵 矛聺赂铆聞掳毛路掳",毛掳掳矛職掳锚鲁聽 毛聜聵毛聢聞毛聤聰 毛掳掳毛聜聵TV,22,2017-11-25 07:02:39+00:00,"铆聝聢毛露聛矛聻聬矛聺赂铆聞掳毛路掳|""毛掳掳毛聜聵TV""|""矛聺赂铆聞掳毛聞路毛掳漏矛聠隆""|""矛聹聽铆聤聹毛赂聦""|""毛露聛铆聲聹矛聺麓矛聲录锚赂掳""|""铆聝聢毛露聛矛聤陇铆聠聽毛娄卢""|""铆聝聢毛露聛锚鲁录矛聽聲""|""铆聲聹锚碌颅矛聽聲矛掳漏""|""矛聵陇矛搂聞铆聲聵""|""毛庐陇矛搂聙矛禄卢""|""矛聵聛铆聶聰锚掳聬毛聫聟""",10313,317,11,67,False,False,False,People & Blogs
kX0vO4vlJuU,2018-04-21,BTS (毛掳漏铆聝聞矛聠聦毛聟聞毛聥篓) 'Euphoria : Theme of LOVE YOURSELF 猫碌路 Wonder',ibighit,10,2018-04-05 15:00:05+00:00,"BIGHIT|""毛鹿聟铆聻聢铆聤赂""|""毛掳漏铆聝聞矛聠聦毛聟聞毛聥篓""|""BTS""|""BANGTAN""|""毛掳漏铆聝聞""",17296874,2151878,18056,227360,False,False,False,Music
1jldbSp_Kbw,2018-03-10,Wusstest Du schon? Milch ist GIFT!,Chan Hates Everything,22,2018-03-07 14:21:39+00:00,"Chan|""Vlog""|""Unterhaltung""|""Animation""|""Leben""|""Zeichnung""|""Milch""|""Milch ist Gift""|""Unge""|""Unge reagiert""|""Ungespielt""|""Trend""|""Wusstest""|""kennst""|""Frage""|""Antwort""|""News""|""ungeklickt""|""vegan""|""giftig""|""Gift""",102194,5880,517,635,False,False,False,People & Blogs
XlSP9-zxT8A,2018-05-04,MAYHEM (2017) Ending Explained,FoundFlix,24,2018-05-02 20:30:00+00:00,"mayhem 2017|""mayhem movie""|""mayhem trailer""|""mayhem ending explained""|""mayhem ending""|""ending""|""explained""|""ending explained""|""clip""|""trailer""|""scene""|""fight scene""|""end scene""|""steven yeun""|""samara weaving""|""Shudder""|""horror""|""horror movies""|""suspense""|""thrillers""|""streaming video""|""movies""|""television""|""thriller movies""|""films""|""Halloween""|""Fright""|""Halloween movies""|""Halloween spirit""|""Halloween marathon""|""Halloween movie marathon""|""movie marathon""|""spooky""|""AMC""|""foundflix""|""foundflix ending explained""",299983,10713,157,883,False,False,False,Entertainment
sa-mSFjVSzA,2018-03-22,Enemigo 脙聧ntimo ( Cap脙颅tulo 21 Completo parte 1/8) Cap脙颅tulo del miercoles 21 de marzo,LoirbbHD S脙漏ries,22,2018-03-22 02:23:44+00:00,[none],9217,34,7,3,False,False,False,People & Blogs
L4I3AYAf-9w,2018-03-07,Tyga Reacts To Kylie Jenner Baby Stormi Reveal | Hollywoodlife,HollywoodLife,24,2018-03-06 21:33:34+00:00,"Kylie Jenner|""tyga""|""stormi""|""baby""|""reveal""|""real father""|""travis scott""|""kendall jenner""|""oscars""|""kourtney kardashian""|""scott disick""|""kuwtk recap""|""keeping up with the kardashians""|""engaged""|""split""|""celebrity""|""gossip""|""news""|""hollybuzz""|""hollywoodlife""|""hl most necessary""",96609,1402,81,180,False,False,False,Entertainment
x1QroTKqG8c,2018-06-09,Solo: A Star Wars Story - Movie Review,Cinemassacre,1,2018-06-02 00:49:17+00:00,"solo|""solo: a star wars story""|""star wars""|""solo review""|""solo movie review""|""han solo""|""Cinemassacre""|""solo darth maul""|""solo soundtrack""|""Solo 2018 movie review""|""solo 2018 review""|""cinemassacre solo""|""Solo Cinemassacre""|""the last jedi""|""lando calrissian""|""ron howard""|""donald glover""|""alden ehrenreich""",184866,4637,564,2295,False,False,False,Film & Animation
NrAdAnyYzCs,2017-12-02,SUPER GUIA DE REGALOS DE NAVIDAD!冒聼聨聞脗驴QUE ME REGALARIAS?,RosyMcMichael,26,2017-12-01 21:10:45+00:00,"navidad|""christmas""|""gifts""|""gift guide""|""guia de regalos""|""hsn""|""rosymcmichael""|""rosy mcmichael""|""espa脙卤ol""|""giveaway""|""rifa""|""gratis""|""sorteo""|""sandraciresart""|""katieangeltv""|""kikanieto""",135103,11147,2255,1474,False,False,False,Howto & Style
wwW2aAPAAZw,2018-05-13,Gezin met kind stapt uit autosafari Beekse Bergen,Omroep Brabant,25,2018-05-11 07:20:25+00:00,"TV|""internet""|""radio""|""journaal""|""brabantnieuws""|""brabant nieuws""|""regio""|""Noord-brabant""|""noordbrabant""|""entertainment""|""Nederland""|""Dutch""|""NL""|""720""|""1080""|""Full HD""|""HD""|""omroepbrabant.nl""|""omroep""|""Omroep brabant""|""beekse bergen""|""dierentuin""|""autosafari""|""uitstappen""|""gezin""|""kind""|""levensgevaarlijk""|""jachtluipaard""|""animal""",259118,486,115,403,False,False,False,News & Politics
y8dm1IbpMj4,2017-12-05,Jesse Lingard's INSANE solo Goal vs Watford,Hasan Al-Jarrah,24,2017-11-29 01:35:49+00:00,"wevideo|""man utd""|""watford""|""man utd vs watford""|""watford vs man utd""|""4-2""|""2-4""|""jesse lingard""|""lingard goal vs watford""|""solo goal""|""manchester united""|""epl""|""bpl""|""jesse lingard goal vs watford""",163936,632,564,53,False,False,False,Entertainment
uBYzYji4rmE,2018-05-29,Honest Trailers - Black Panther,Screen Junkies,1,2018-05-15 17:00:06+00:00,"screenjunkies|""screen junkies""|""honest trailers""|""honest trailer""|""black panther""|""black panther trailer""|""black panther review""|""honest trailers marvel""|""marvel""|""mcu""|""marvel cinematic universe""|""infinity war""|""avengers""|""chadwick boseman""|""ryan coogler""|""shuri""|""tchalla""|""honest trailers black panther""|""wakanda""|""michael b jordan""|""killmonger""|""m'baku""",5048754,114790,6172,16957,False,False,False,Film & Animation
SCcY5q4cj6k,2018-01-30,Wir beten f脙录r dich - live! |  ERF MenschGott,ERF MenschGott,22,2018-01-29 21:27:15+00:00,"Mensch Gott|""Glaube""|""ERF Medien""|""Jesus""|""Bibel""|""Gebet""|""Begegnung mit Gott""|""Begegnung mit Jesus""|""脙聹bernat脙录rliche Begegnung""|""Sinn des Lebens""|""Sigrid R脙露seler""|""Marcus Walter""|""Beten""|""Heilung""",3263,337,23,82,False,False,False,People & Blogs
d8BaPvU3reo,2018-03-05,Aficionado EXPL0TA contra los Jugadores de Cruz Azul!!,BlueF脙潞tbolMX,17,2018-03-05 00:35:22+00:00,"pedro caixinha|""cruz azul refuerzos""|""chivas refuerzos""|""america refuerzos""|""pumas refuerzos""|""jose ramon""|""alvaro morales""|""pietrasanta""|""zague""|""hugo sanchez""|""aficion cruz azul""",4362,85,3,12,False,False,False,Sports
IfkWuQY0ti8,2017-12-21,Goodwill Norwalk Store-The Spirit of Giving,Goodwillsandusky,1,2017-12-12 20:51:37+00:00,[none],296518,1974,41,157,False,False,False,Film & Animation
F0YZxsrwRo8,2017-12-02,KUWTK | Kim Kardashian Refuses to Return Kourtney's Dog | E!,E! Entertainment,24,2017-11-30 14:59:54+00:00,"Real Time|""New Season""|""Kim Kardashian""|""E! Entertainment Schedule""|""Kourtney Kardashian""|""Celebrity""|""Celeb Gossip""|""Celeb News""|""E! News""|""E! News Now""|""Chelsea Handler""|""The Soup""|""Celebrity News""|""Celebrity Pictures""|""Gossip""|""Giuliana Rancic""|""Chelsea Lately""|""Comedians""|""Comedy""|""Kourtney's""|""Keeping Up With the Kardashians""|""Mrs. West""",544889,7318,228,299,False,False,False,Entertainment
xUGYcyGCfrY,2017-12-23,21脿掳隆脿掳驴脿掳赂脿卤聠脿掳聜脿掳卢脿掳掳脿卤聧 2017 脿掳聟脿掳陇脿掳驴 脿掳陋脿卤聧脿掳掳脿掳庐脿掳戮脿掳娄脿掳聲脿掳掳脿掳庐脿卤聢脿掳篓 脿掳掳脿卤聥脿掳聹脿卤聛.. || Interesting Facts About 21 December 2017 | Astrology 2017,OmFut,24,2017-12-20 07:34:54+00:00,[none],428656,1347,602,190,False,False,False,Entertainment
V6BWRDxtqgI,2018-01-23,Maskarin y Manito Peluchi Power Capitulo 6 El Bufon esta Vivo,Manito y Maskarin TV,24,2018-01-22 23:48:11+00:00,"mascarin|""maskarin sin mascara""|""mascarin sin mascara""|""los manitos y el robot""|""payaso maldito""|""payaso de miedo""|""circo del horror""|""circo embrujado""|""crico maldito""|""manito y maskarin""|""mascarin y manito""|""peluchi power""|""peluchipawer""|""peluchi power capitulo""|""osi power""|""drilo power""|""sapi power""|""coco power""|""los manitos de la tele""|""manito y maskarin dinosaurio""",18555,247,22,45,False,False,False,Entertainment
KwpOUgCWMK4,2017-12-24,11 脨聺脨聲脨聽脨聲脨聬脨聸脨卢脨聺脨芦脨楼 脨陇脨聻脨職脨拢脨隆脨聻脨聮! 脨聼脨聻脨聼脨聽脨聻脨聭脨拢脨聶 脨聺脨聲 脨聴脨聬脨聸脨聵脨聼脨聺脨聵 脨搂脨聲脨聸脨聸脨聲脨聺脨聰脨聳 #19,脨聹脨戮脩聙脩聞脨赂脨潞,20,2017-12-23 15:10:55+00:00,"脨驴脨戮脨驴脩聙脨戮脨卤脩聝脨鹿|""脨陆脨碌""|""脨路脨掳脨禄脨赂脨驴脨陆脨赂""|""脩聡脨碌脨禄脨禄脨碌脨陆脨麓脨露""|""脨驴脨戮脨驴脩聙脨戮脨卤脩聝脨鹿 脨陆脨碌 脨路脨掳脨禄脨赂脨驴脨陆脨赂 脩聡脨碌脨禄脨禄脨碌脨陆脨麓脨露""|""脨驴脨戮脩聛脩聜脨掳脩聙脨掳脨鹿脩聛脩聫""|""脨路脨掳脨禄脨赂脨驴脨陆脩聝脩聜脩聦""|""脨驴脨戮脩聛脩聜脨掳脩聙脨掳脨鹿脩聛脩聫 脨陆脨碌 脨路脨掳脨禄脨赂脨驴脨陆脩聝脩聜脩聦""|""脩聜脨碌脩聛脩聜""|""脩聜脨碌脩聛脩聜 脨陆脨掳 脨驴脩聛脨赂脩聟脨赂脨潞脩聝""|""脩聜脨碌脩聛脩聜 脨陆脨掳 脨驴脩聛脨赂脩聟脨赂脨潞脩聝 脩聡脨碌脨禄脨禄脨碌脨陆脨麓脨露""|""脨录脨戮脩聙脩聞脨赂脨潞""|""脩聞脨戮脨潞脩聝脩聛脩聥""|""脩聞脨戮脨潞脩聝脩聛""|""脩聜脩聙脩聨脨潞脨赂""",19454,643,49,73,False,False,False,Gaming
#NAME?,2018-03-04,Bike Lorry Accident: 2 Vignan Engineering College Students lost live in Accident | hyderabad | 10TV,10TVNewsChannel,25,2018-03-03 09:15:09+00:00,"Hyderabad|""Duke Bike Accidents""|""Duke Accidents""|""Vignan Engineering College""|""Abdullapurmet Road Accident""|""Ramoji Film City Road Accident""|""Bike Lorry Accident""|""Student lost lives in Accident""|""Hyderabad Engineering Colleges""|""Telangana Top Engineering Colleges""|""B Tech Students Road Accident""|""10TV Live""|""Ten Tv Breaking News""|""Ten Tv Latest Updates""|""10TV Special Stories.""",25431,83,19,28,False,False,False,News & Politics
23eyGQaBewg,2018-03-07,Programa 6 de marzo 2018 | Ventaneando,Ventaneando,24,2018-03-07 02:42:04+00:00,"ventaneando|""ventaneando en vivo""|""azteca uno""|""tv azteca""|""pati chapoy""|""daniel bisogno""|""pedro sola""|""jimena perez""|""jimena perez la choco""|""atala sarmiento""|""monica casta脙卤eda""",30060,167,21,51,False,False,False,Entertainment
qyR9P9QIk2k,2017-12-04,脵聟脴鲁脵聞脴鲁脵聞 脴搂脵聞脴路脵聢脵聛脴搂脵聠 - 脴搂脵聞脴颅脵聞脵聜脴漏 脴搂脵聞脴芦脴搂脵聞脴芦脴漏 脵聢脴搂脵聞脴芦脵聞脴搂脴芦脵聢脵聠 - The Flood Episode 33,dmc 脴炉脴卤脴搂脵聟脴搂,24,2017-12-03 19:48:29+00:00,"脵聟脴鲁脵聞脴鲁脵聞 脴搂脵聞脴路脵聢脵聛脴搂脵聠""|""脵聟脴搂脴卢脴炉 脴搂脵聞脵聟脴碌脴卤脵聤""|""脴拢脵聤脴陋脵聠 脴鹿脴搂脵聟脴卤""|""脵聡脵聠脴搂 脴麓脵聤脴颅脴漏""|""脵聢脵聛脴搂脴隆 脴鹿脴搂脵聟脴卤""|""脵聛脴陋脴颅脵聤 脴鹿脴篓脴炉 脴搂脵聞脵聢脵聡脴搂脴篓""|""脴炉脵聤脵聠脴搂""|""脴搂脵聞脴路脵聢脵聛脴搂脵聠 2017""|""脵聟脴麓脴搂脵聡脴炉脴漏 脴颅脵聞脵聜脴搂脴陋 脴搂脵聞脴路脵聢脵聛脴搂脵聠 脵聤脵聢脴陋脵聤脵聢脴篓""|""脴搂脴颅脵聟脴炉 脴虏脴搂脵聡脴卤""|""脴搂脵聞脴路脵聢脵聛脴搂脵聠 脴搂脵聞脴颅脵聞脵聜脴漏 33""|""脴搂脵聞脴路脵聢脵聛脴搂脵聠 脴搂脵聞脴颅脵聞脵聜脴漏 脴搂脵聞脴芦脴搂脵聞脴芦脴漏 脵聢脴搂脵聞脴芦脵聞脴搂脴芦脵聢脵聠""|""脵聛脴炉脴搂脵聠 脵聛脵聞脵聢脴鲁""|""脴鹿脴搂脴娄脵聞脴漏 脴虏脵聤脴虏脵聢""|""脴拢脴麓脴卤脵聛 脴鹿脴篓脴炉 脴搂脵聞脴篓脴搂脵聜脵聤""|""脵聟脴颅脵聟脴炉 脴碌脵聞脴搂脴颅""|""脵聝脵聢脴搂脵聞脵聤脴鲁 脵聟脴鲁脵聞脴鲁脵聞 脴搂脵聞脴路脵聢脵聛脴搂脵聠""|""脴搂脴潞脵聠脵聤脴漏 脵聟脴鲁脵聞脴鲁脵聞 脴搂脵聞脴路脵聢脵聛脴搂脵聠""|""脵聛脴炉脴搂脵聠 脵聛脵聞脵聢脴鲁 脴搂脴篓脴卤脴搂脵聡脵聤脵聟 脴搂脵聞脴颅脵聝脵聟脵聤""|""脴搂脴潞脵聠脵聤脴漏 脴搂脴篓脴卤脴搂脵聡脵聤脵聟 脴搂脵聞脴颅脵聝脵聟脵聤""|""脴鲁脴搂脴篓脴鹿 脴卢脴搂脴卤""|""脵聟脴篓脴搂脴卤脵聝""|""脴搂脴颅脵聟脴炉 脴麓脵聛脵聤脵聜""|""脵聞脵聤脵聛脴卤脴篓脵聢脵聞""|""脴碌脴搂脵聞脴颅 脴卢脵聟脴鹿脴漏""|""脴搂脵聞脴虏脵聟脴搂脵聞脵聝 脵聢脴搂脵聞脴卤脴卢脴搂脴隆""|""脴搂脵聞脴搂脵聡脵聞脵聤 脵聢脴搂脵聠脴篓脵聤""|""脴麓脴搂脴炉脵聤 脵聟脴颅脵聟脴炉""|""脵聟脴搂脵聠脴麓脴鲁脴陋脴卤 脴鲁脵聤脴陋脵聤""|""脵聢脴虏脵聤脴卤 脴搂脵聞脴搂脴陋脴碌脴搂脵聞脴搂脴陋""|""脵聢脴搂脴炉脵聤 脴炉脴卢脵聞脴漏""|""脵聟脴炉脵聤脴颅脴漏 脵聤脴鲁脴卤脵聤",391470,2637,189,979,False,False,False,Entertainment
O95ctCY3j74,2017-12-25,脨聺脨掳脨虏脨掳脨禄脩聦脨陆脨戮脨鲁脨戮 脨虏脩聥脨麓脨虏脨赂脨陆脩聝脨禄脨赂 脨虏 脨聼脨碌脩聜脨碌脩聙脨卤脩聝脩聙脨鲁脨碌,NevexTV,25,2017-12-24 12:43:44+00:00,"脨聺脨掳脨虏脨掳脨禄脩聦脨陆脩聥脨鹿|""脨聬脨禄脨碌脨潞脩聛脨碌脨鹿 脨聺脨掳脨虏脨掳脨禄脩聦脨陆脩聥脨鹿""|""脨虏脩聥脨麓脨虏脨赂脨露脨碌脨陆脨赂脨碌""|""脩聛脨戮脨卤脩聙脨掳脨陆脨赂脨碌""|""脨鲁脨戮脨禄脨戮脩聛脨戮脨虏脨掳脨陆脨赂脨碌 脨聼脨碌脩聜脨碌脩聙脨卤脩聝脩聙脨鲁""|""脨虏脩聥脨麓脨虏脨赂脨露脨碌脨陆脨赂脨碌 脨聺脨掳脨虏脨掳脨禄脩聦脨陆脨戮脨鲁脨戮 脨虏 脨聼脨碌脩聜脨碌脩聙脨卤脩聝脩聙脨鲁脨碌""|""脨聹脨掳脩聙脩聛脨戮脨虏脨戮 脨驴脨戮脨禄脨碌""|""24 脨麓脨碌脨潞脨掳脨卤脩聙脩聫 2017""|""脨虏脩聥脨卤脨戮脩聙脩聥 2018""|""脨潞脨掳脨陆脨麓脨赂脨麓脨掳脩聜 脨聺脨掳脨虏脨掳脨禄脩聦脨陆脩聥脨鹿""|""脨潞脨掳脨陆脨麓脨赂脨麓脨掳脩聜 脨虏 脨驴脩聙脨碌脨路脨赂脨麓脨碌脨陆脩聜脩聥""|""脨虏脩聥脨卤脨戮脩聙脩聥""|""脨陆脨掳脨虏脨掳脨禄脩聦脨陆脩聥脨鹿 2018""|""nevex.tv""|""nevextv""|""脩聛脩聛脨戮脨卤脩聙脨掳脨陆脨赂脨碌 脨驴脨戮 脨虏脩聥脨麓脨虏脨赂脨露脨碌脨陆脨赂脩聨 脨聺脨掳脨虏脨掳脨禄脩聦脨陆脨戮脨鲁脨戮 脨虏 脨聼脨碌脩聜脨碌脩聙脨卤脩聝脩聙脨鲁脨碌""|""脨隆脨掳脨陆脨潞脩聜-脨聼脨碌脩聜脨碌脩聙脨卤脩聝脩聙脨鲁""",70620,4125,2118,1201,False,False,False,News & Politics
jpH-8HiMCRI,2018-05-06,Deep Fried Ice Cream & Cookie Dough & Funfetti?! (What the Flavor),Clevver Style,26,2018-04-27 15:00:06+00:00,"food|""deep fried desserts""|""fried ice cream""|""fried cookie dough""|""fried oreos""|""fried cake batter""|""fried food""|""fryer""|""how to fry""|""how to deep fry""|""funfetti""|""cookie dough""|""ice cream""|""fruity pebbles""|""deep fried""|""deep fry""|""fried""|""batter""|""recipe""|""desserts""|""clevver""|""clevver style""|""what the flavor""|""cheat day""|""cooking show""|""wtf""|""cooking""|""chef""|""food trends""|""food tutorials""|""erin robinson""|""lily marston""|""how to""|""how to cook""|""how to make""|""lifestyle""|""weird""|""diy""|""funny""|""how to deep fry ice cream""",375321,16244,303,956,False,False,False,Howto & Style
MlQsyGJU-9M,2018-01-21,Types Of Employees at Every Ladies Beauty Parlour | MostlySane,MostlySane,23,2018-01-18 12:33:03+00:00,"types of employees|""employees""|""beauty parlour""|""beauty""|""parlour""|""fashion""|""types of employees at every beauty parlour""|""ladies parlour""|""types of parlour""|""prajakta koli""|""mostly sane""|""mostlysane""|""weird guys""|""latest funny videos""|""Comedy Videos""|""comedy videos""|""love tips""|""comedy""|""funny videos""|""top 5""|""top funny videos""|""top comedy videos""|""top 5 videos""|""comedy videos 2018""|""funny videos 2017""|""funny videos by prajakta""|""prajakta new video""|""yt:cc=on""",408872,25219,506,1221,False,False,False,Comedy
#NAME?,2018-03-10,"矛聲聢铆聺卢矛聽聲 锚虏聙矛掳掳 矛聻聬矛搂聞矛露聹矛聞聺, 矛職聲矛聞陇 毛聜聹毛卢麓铆聲聹 铆聵聞矛聻楼",TV矛聺录矛職聰矛聞聹矛職赂,25,2018-03-09 09:09:35+00:00,"矛聲聢铆聺卢矛聽聲|""矛聞卤铆聫颅铆聳聣""|""毛鹿聞矛聞聹锚麓聙""|""矛聞卤矛露聰铆聳聣""|""毛卢赂矛聻卢矛聺赂""|""矛虏颅矛聶聙毛聦聙""|""矛露漏毛聜篓矛搂聙矛聜卢""|""矛露漏矛虏颅毛聜篓毛聫聞""|""矛露漏毛聜篓""|""毛聫聞矛搂聙矛聜卢""|""锚虏聙矛掳掳""|""矛聞聹毛露聙矛搂聙锚虏聙""|""锚虏聙矛掳掳矛隆掳矛聜卢""|""矛聻聬矛搂聞矛露聹毛聭聬""|""锚鹿聙矛搂聙矛聺聙""",90096,225,41,775,False,False,False,News & Politics
Z76gSvbV9SI,2018-03-18,180315 矛聴聽毛聞路 矛聤陇铆聝聙毛聺录矛聺麓毛赂聦 矛聸聦毛聞聢矛聸聬 毛聥陇矛聥聹毛鲁麓锚赂掳 Full,Number One,22,2018-03-15 15:41:36+00:00,"矛聸聦毛聞聢矛聸聬|""WannaOne""|""矛聹陇矛搂聙矛聞卤""|""铆聲聵矛聞卤矛職麓""|""铆聶漏毛炉录铆聵聞""|""矛聵鹿矛聞卤矛職掳""|""锚鹿聙矛聻卢铆聶聵""|""锚掳聲毛聥陇毛聥聢矛聴聵""|""毛掳聲矛搂聙铆聸聢""|""毛掳聲矛職掳矛搂聞""|""毛掳掳矛搂聞矛聵聛""|""矛聺麓毛聦聙铆聹聵""|""毛聺录矛聺麓锚麓聙毛娄掳""|""YoonJisung""|""Hasungwoon""|""HwangMinhyun""|""OngSeongwu""|""KimJaehwan""|""KangDaniel""|""ParkJihoon""|""ParkWoojin""|""BaeJinYoung""|""LeeDaehwi""|""Lai Kuan Lin""|""矛聤陇铆聝聙毛聺录矛聺麓毛赂聦""|""矛聴聽毛聞路毛聥路矛禄麓""|""矛聴聽毛聞路""|""Starlive""|""mnet""",110754,4643,33,278,False,False,False,People & Blogs
YpRh4gVTAVg,2018-06-13,脴鲁脵聢脴颅脵聞脵聤脵聛脴漏: 脴搂脵聞脴颅脵聞脵聜脴漏 27 | Souhlifa : Episode 27,CHANNEL-TV,22,2018-06-12 21:25:28+00:00,脴鲁脵聢脴颅脵聞脵聤脵聛脴漏: 脴搂脵聞脴颅脵聞脵聜脴漏 27 | Souhlifa : Episode 27,490849,7434,588,671,False,False,False,People & Blogs
FeMp62rt79o,2018-04-16,Mbapp脙漏 incroyable declaration apr脙篓s PSG 7-1 Monaco - PSG  champion !,HALIRIPA,17,2018-04-15 21:21:35+00:00,"PSG champion""|""Monaco 1-7 PSG""|""PSG 7-1 As monaco""|""Football""|""Mbapp脙漏 skills football",33461,527,53,164,False,False,False,Sports
9m8kyfqt38Q,2018-04-03,脨聬脨聹脨聲脨聽脨聵脨職脨聬脨聺脨隆脨職脨聵脨聶 脗芦脨聼脨颅脨垄脨聽脨聵脨聻脨垄脗禄 脨隆脨聻脨篓脨聛脨聸 脨隆 脨拢脨聹脨聬 | 脩聛脨赂脩聙脨赂脩聫 脨陆脨戮脨虏脨戮脩聛脩聜脨赂 脨鹿脨碌脨录脨碌脨陆 脨虏脨戮脨鹿脨陆脨掳 脩聛脨掳脩聝脨麓脨戮脨虏脩聛脨潞脨掳脩聫 脨掳脩聙脨掳脨虏脨赂脩聫 脨路脩聙脨潞 脨驴脩聧脩聜脩聙脨赂脨戮脩聜 脩聙脨掳脨潞脨碌脩聜脩聥,脨聽脨拢脨隆脨卢 脨聼脨聽脨聬脨聮脨聻脨隆脨聸脨聬脨聮脨聺脨聬脨炉,25,2018-04-02 19:30:50+00:00,"脩聛脨赂脩聙脨赂脩聫|""脩聛脨赂脩聙脨赂脩聫 脨陆脨戮脨虏脨戮脩聛脩聜脨赂""|""脩聛脨赂脩聙脨赂脩聫 脨虏脨戮脨碌脨陆脨陆脨掳脩聫 脨戮脨卤脩聛脩聜脨掳脨陆脨戮脨虏脨潞脨掳""|""脨鹿脨碌脨录脨碌脨陆""|""脨鹿脨碌脨录脨碌脨陆 脨虏脨戮脨鹿脨陆脨掳""|""脨鹿脨碌脨录脨碌脨陆 脩聛脨掳脩聝脨麓脨戮脨虏脩聛脨潞脨掳脩聫 脨掳脩聙脨掳脨虏脨赂脩聫""|""脩聛脨掳脩聝脨麓脨戮脨虏脩聛脨潞脨掳脩聫 脨掳脩聙脨掳脨虏脨赂脩聫""|""脨虏脨戮脨鹿脨陆脨掳 脨鹿脨碌脨录脨碌脨陆脨掳 脨赂 脩聛脨掳脩聝脨麓脨戮脨虏脩聛脨潞脨戮脨鹿 脨掳脩聙脨掳脨虏脨赂脨赂""|""脨聴脨聽脨職 脨聼脩聧脩聜脩聙脨赂脨戮脩聜 脩聙脨掳脨潞脨碌脩聜脨掳 脨虏脨碌脩聙脨陆脩聝脨禄脨掳脩聛脩聦 脨麓脨戮脨录脨戮脨鹿""|""脨驴脨虏脨戮 脩聛脨掳脩聝脨麓脨戮脨虏脩聛脨潞脨戮脨鹿 脨掳脩聙脨掳脨虏脨赂脨赂""|""脩聟脩聝脩聛脨赂脩聜脩聥 脨虏 脨鹿脨碌脨录脨碌脨陆脨碌""|""脩聙脨掳脨潞脨碌脩聜脩聥 脨驴脩聧脩聜脩聙脨赂脨戮脩聜""|""脩聛脨赂脩聛脩聜脨碌脨录脨掳 脨驴脩聧脩聜脩聙脨赂脨戮脩聜""|""脨驴脨虏脨戮 脨驴脩聧脩聜脩聙脨赂脨戮脩聜""|""脨驴脩聧脩聜脩聙脨赂脨戮脩聜 脨驴脨掳脨潞 3""|""脨路脩聙脨潞 脨驴脩聧脩聜脩聙脨赂脨戮脩聜""|""脨路脩聙脨潞 patriot""|""脨驴脩聧脩聜脩聙脨赂脨戮脩聜 脨驴脩聙脨戮脩聜脨赂脨虏 脨赂脩聛脨潞脨掳脨陆脨麓脨碌脩聙脨掳""|""脨驴脩聧脩聜脩聙脨赂脨戮脩聜 脨赂脨禄脨赂 脩聛 400""|""脨驴脩聧脩聜脩聙脨赂脨戮脩聜 脨驴脩聙脨戮脩聜脨赂脨虏 脩聛-400""|""脨驴脨虏脨戮 脩聛脩聢脨掳""|""脨驴脩聙脨戮 脩聛脩聢脨掳""|""脨鹿脨碌脨录脨碌脨陆 脩聙脨掳脨潞脨碌脩聜脨掳 脩聛脨掳脩聝脨麓脨戮脨虏脩聛脨潞脨掳脩聫 脨掳脩聙脨掳脨虏脨赂脩聫""|""脨鹿脨碌脨录脨碌脨陆 脩聙脨掳脨潞脨碌脩聜脩聥""|""脩聛脨赂脩聙脨赂脩聫 脨虏脨戮脨鹿脨陆脨掳""|""脨卤脨戮脨赂 脨虏 脩聛脨赂脩聙脨赂脨赂""|""脩聛脨赂脩聙脨赂脩聫 脨卤脨戮脨赂""",8801,593,15,68,False,False,False,News & Politics
hg7_OPRSPkg,2018-02-28,"Candidatos, campa脙卤as y corrupci脙鲁n / Febrero 26, 2018 / ForoTV (Tema completo)",Jorge Casta脙卤eda,25,2018-02-27 15:44:59+00:00,"Leo Zuckermann|""H脙漏ctor Aguilar Cam脙颅n""|""Jorge Casta脙卤eda""|""Javier Tello""|""Candidatos""|""Campa脙卤as""|""Corrupci脙鲁n""|""Nacional""|""Debates y Entrevistas""|""Pol脙颅tica""|""ForoTV""",8765,118,30,94,False,False,False,News & Politics
ktWKTdAzQtw,2017-12-14,Grundeinkommen-Verlosung,Mein Grundeinkommen,25,2017-12-13 16:29:55+00:00,[none],8737,108,5,6,False,False,False,News & Politics
YOPbPj36AWc,2018-01-15,"Bigg Boss 11: Shilpa Shinde wins Bigg Boss 11, beats Hina Khan | FilmiBeat",FilmiBeat,24,2018-01-14 14:32:19+00:00,"Bigg Boss 11|""Bigg Boss 11 winner""|""Shilpa Shinde wins Bigg Boss 11""|""Hina Khan""|""Shilpa Shinde beats Hina Khan""|""Salman Khan""|""Salman announces Shilpa winner""|""Shilpa Shinde winner""|""Shilpa Shinde wins trophy""|""Shilpa gets Bigg Boss 11 trophy""|""Voot""",958217,5826,1828,2538,False,False,False,Entertainment
A7pTtBbiFss,2017-12-21,FDP #01 : Le Docteur Alwest ! (Format D'utilit脙漏 Publique),J'suis pas content TV,23,2017-12-19 17:53:06+00:00,"greg tabibian""|""jspc""|""j'suis pas content""|""dr alwest""|""pr脙漏sentation de chaine""|""FDP""|""politique""|""humour""|""sketch""|""farid alwest""|""ET""|""Titanic""|""Plan脙篓te des singes""|""films""|""analyses""|""analyse politique""|""analyse film""|""abonnements",39847,5300,55,559,False,False,False,Comedy
v85VNXT0Euk,2018-04-01,Loyola Chicago vs. Michigan: Wolverines advance to the National Championship,NCAA March Madness,17,2018-04-01 00:23:21+00:00,"2018 NCAA Men's Division I Basketball Tournament (Sports League Championship Event)|""march madness""|""college basketball""|""college hoops""|""ncaa basketball""|""ncaa""|""sp:vl=en-US""|""sp:st=basketball""|""sp:li=cbk""|""sp:ty=high""|""sp:ti:home=mich""|""sp:ti:away=ly-il""|""sp:dt=2018-03-31T18:09:00-04:00""",108723,527,66,200,False,False,False,Sports
mXy8kiFUb4I,2018-01-15,"脨庐脨禄脨赂脨鹿 脨聻脨陆脨碌脩聢脨潞脨戮, 脩聧脩聜脨戮 脨虏脨赂脨麓脨碌脨戮 脨麓脨禄脩聫 脩聜脨碌脨卤脩聫",Dasha Day,22,2018-01-13 07:26:04+00:00,"脨潞脨戮脨录脨碌脨麓脨赂脩聫|""脩聨脨录脨戮脩聙""|""脩聛脨录脨碌脩聢脨陆脨戮""|""脨卤脨禄脨戮脨鲁""|""juliusspeak""|""julius speak""|""脩聨脨禄脨赂脨潞""|""脩聟脨掳脨鹿脨驴 脨潞脩聧脨录脨驴""|""脨驴脨掳脩聙脨戮脨麓脨赂脩聫 脨陆脨掳 脩聨脨禄脨赂脨潞脨掳""|""脨麓脨赂脩聛脩聛 脨陆脨掳 脩聨脨禄脨赂脨潞脨掳""|""脨庐脨禄脨赂脨鹿 脨聻脨陆脨碌脩聢脨潞脨戮""|""脩聧脩聜脨戮 脨虏脨赂脨麓脨碌脨戮 脨麓脨禄脩聫 脩聜脨碌脨卤脩聫""|""脨潞脩聝脨路脩聦脨录脨掳""|""hype camp""|""脨麓脨赂脩聛脩聛""|""脨麓脨赂脩聛脩聛 脨陆脨掳 脨卤脨碌脨禄脨戮脨虏脨掳""",332741,3312,119572,10408,False,False,False,People & Blogs
QE9m29HGEuA,2018-02-18,Tipps || So findest du die Mitte || Philipp Konter,Philipp Konter - Konterholz,27,2018-02-17 18:26:32+00:00,"philipp|""Konter""|""tipps""|""tipps mit philipp""|""konterholz""|""konterholz philipp konter""|""werkstatthelfer""|""mitte finden""|""mittefinder""|""die innere mitte finden""|""tipps f脙录r die werkstatt""|""werkstatt einrichten""|""absauganlage ausbauen""|""absauganlage verbessern""|""aubsauganlage selber machen""|""absauganlage philipp""|""absauganlage machen""|""absauganlage bauen""",3995,201,21,24,False,False,False,Education
5cgbnAlwUCw,2018-02-11,毛掳卤矛搂聙矛聵聛 毛聜篓铆聨赂 矛聽聲矛聞聺矛聸聬矛聺聵 毛卢赂毛聻聙铆聲聹 矛聜卢矛聝聺铆聶聹! 锚鲁录锚卤掳 毛掳卤矛搂聙矛聵聛矛聺麓 铆聳聢毛聧聵 矛聺聵毛炉赂矛聥卢矛聻楼铆聲聹 毛搂聬.,TV 铆聶聹毛聽楼矛聠聦,24,2018-02-09 06:48:48+00:00,"矛聽聲矛聞聺矛聸聬|""毛掳卤矛搂聙矛聵聛""|""毛聫聶矛聝聛矛聺麓毛陋陆""|""矛露聰矛聻聬铆聵聞""|""毛掳卤矛搂聙矛聵聛 矛聽聲矛聞聺矛聸聬""",1219313,1499,579,1644,False,False,False,Entertainment
IqRjlHYitrY,2018-06-10,忙聴楼忙聹卢猫陋聻茫聜聮氓聥聣氓录路茫聛聴茫聜聢茫聛聠茂录聛茅聼聯氓聸陆盲潞潞茫聛聦忙聲聶茫聛聢茫聜聥茫聛聤茫聛聶茫聛聶茫聜聛茅聼聯氓聸陆茫聝漏茫聝录茫聝隆茫聝鲁茫聝卢茫聜路茫聝聰茫聙聬茫聝垄茫聝聝茫聝聭茫聝鲁/毛篓鹿毛掳漏/Mukbang/忙聳聶莽聬聠/矛職聰毛娄卢茫聙聭,茫聛聠茫聛聥茫聜聥茫聛聥 in KOREA矛職掳矛鹿麓毛拢篓矛鹿麓,22,2018-06-10 05:47:41+00:00,"茫聛聠茫聛聥茫聜聥茫聛聥|""茫聜赂茫聜搂茫聜陇茫聛聲茫聜聯""|""茅聼聯氓聸陆忙聳聶莽聬聠""|""茅聼聯氓聸陆""|""猫戮聸茫聝漏茫聝录茫聝隆茫聝鲁""|""茫聝卢茫聜路茫聝聰""",24082,965,20,153,False,False,False,People & Blogs
Hr3dX6__-hU,2018-03-06,Dear Basketball - Kobe Bryant - Thanks for everything (Oscar Winner),Maxx,20,2018-03-05 12:27:54+00:00,"Kobe Bryant|""Oscar""|""Dear Basketball""|""Los Angeles Lakers""|""History""|""Spanisch""|""US""|""Subtitel""|""NBA""|""Basketball""|""Hall of Fame""|""Retirement""|""Nomination""|""Winning""",336897,8390,101,403,False,False,False,Gaming
G7t4eLicqDQ,2018-04-07,Fernanfloo ADMITE Porque no Subio Videos Durante 3 Meses!,FandomYoutuber,22,2018-04-06 22:27:58+00:00,[none],43196,1706,104,237,False,False,False,People & Blogs
_ZCjghMlNsY,2018-06-03,"Bachata Mix JULIO 2018 - Romeo Santos, Prince Royce, Shakira - Bachata Lo Mas Romantico",Mr Daddy,24,2018-06-02 13:01:39+00:00,"bachata|""bachata 2018""|""bachata romantica""|""bachata mix 2018""|""mix de bachata""|""musica romantica""|""bachata 2018 mix""|""lo mejor de la bachata romantica""|""exitos de bachata""|""canciones de bachata romantica""|""romantic dance""|""best of bachata 2018""|""canciones de bachata""|""bachata mix romantica""|""MR DADDY""",52690,261,63,20,False,False,False,Entertainment
zFbSl7dFkSg,2017-12-05,ZONE DE CONFORT = POISON (Osez en sortir !),David Lefran脙搂ois,26,2017-12-04 16:30:00+00:00,"d脙漏veloppement""|""personnel""|""sociale""|""psychologie""|""neurosciences""|""positive""|""zone""|""confort""|""luxe""|""repos""|""apprendre""|""meilleur""|""faire""|""aventure""|""sortir",3757,410,9,43,False,False,False,Howto & Style
cDZfh5IjGv8,2018-03-17,NCIX Bankruptcy Auction - Day 2 FINALE,Linus Tech Tips,28,2018-03-08 20:37:33+00:00,"ncix|""bankruptcy""|""auction""|""computer""|""retailer""|""cpu""|""video""|""card""|""silver""|""play""|""button""|""plaque""|""youtube""|""channel""|""tech""|""tips""|""sale""",1084820,38993,1359,6852,False,False,False,Science & Technology
T8lWjQRhQXY,2018-04-14,Lady Gaga - Your Song (Audio),LadyGagaVEVO,10,2018-03-29 23:00:01+00:00,"Lady|""Gaga""|""Your""|""Song""|""Virgin""|""EMI""|""Pop""",3797849,159646,4302,12745,False,False,False,Music
i3psrhTDQwA,2018-03-04,M脙陇rz Ausblick,Nadine Breitenstein,22,2018-03-03 15:14:08+00:00,"Wochenorakel|""Liebesorakel""|""Singleorakel""|""Wunschpartnerorakel""|""Orakel""|""Botschaft""|""Wochenbotschaft""|""oracle""|""twinflames""|""soulmates""|""reading""|""love""|""liebeskummer""|""Lenormand""|""Tarot""|""cartomancy""|""fortunetelling""|""NadineBreitenstein""|""Karten""|""cards""|""Kartenlegen""|""lernen""|""AstroTV""|""daily""|""weekly""|""monthly""|""Engelorakel""|""cherub""|""Spiegelblick""|""Gedankenblick""",7744,270,23,0,True,False,False,People & Blogs
D93ClwGyKPc,2018-06-04,Veere Di Wedding Movie review by Rajeev Masand,Rajeev Masand,22,2018-06-01 11:30:09+00:00,"Rajeev Masand|""review""|""Veere Di Wedding""|""Sonam Kapoor""|""Kareena Kapoor""|""film""|""cinema""|""movie""|""critic""|""CNN News18""|""Bollywood""|""Hindi""|""India""|""Mumbai""|""Swara Bhaskar""|""Shikha Talsania""|""veere di wedding""|""veere di wedding review""|""veere di wedding full movie""|""veere di wedding movie review""|""veere di wedding songs""|""veere di wedding movie""|""veere di wedding public review""|""veere di wedding film review""|""movie review veere di wedding""|""veere di wedding interview""|""veere di wedding review masand""",297304,1944,11347,643,False,False,False,People & Blogs
TX_Tlmkfsbw,2018-05-21,脨隆脨聬脨聳脨聬脨聶脨垄脨聲 脨聼脨聻脨聹脨聵脨聰脨聻脨聽脨芦 脨垄脨聻脨聸脨卢脨職脨聻 脨垄脨聬脨職 脨聭脨芦脨隆脨垄脨聽脨聻 脨聼脨聽脨聵脨聺脨聵脨聹脨聬脨庐脨垄脨隆脨炉 脨聽脨聬脨聺脨卢脨篓脨聲 脨聼脨聸脨聻脨聰脨聻脨聺脨聻脨隆脨炉脨垄,Poleznoe TV,26,2018-05-20 15:20:38+00:00,"脨驴脨戮脨禄脨碌脨路脨陆脨戮脨碌 脩聜脨虏|""poleznoe tv""|""脨驴脨戮脨录脨赂脨麓脨戮脩聙""|""脩聙脨掳脩聛脩聛脨掳脨麓脨掳 脨驴脨戮脨录脨赂脨麓脨戮脩聙""|""脩聜脨戮脨录脨掳脩聜 脩聙脨掳脩聛脩聛脨掳脨麓脨掳""|""脩聝脩聙脨戮脨露脨掳脨鹿 脨驴脨戮脨录脨赂脨麓脨戮脩聙脨戮脨虏 脨虏 脩聜脨碌脨驴脨禄脨赂脩聠脨碌""|""脨卤脨戮脨禄脩聦脩聢脨戮脨鹿 脩聝脩聙脨戮脨露脨掳脨鹿 脨驴脨戮脨录脨赂脨麓脨戮脩聙""|""脨驴脨戮脨录脨赂脨麓脨戮脩聙 脩聛脨掳脨露脨掳脩聜脩聦""|""脨虏脩聥脩聙脨掳脩聣脨赂脨虏脨掳脨陆脨赂脨碌 脨驴脨戮脨录脨赂脨麓脨戮脩聙""|""脨戮脩聜脨潞脩聙脩聥脩聜脩聥脨鹿 脨鲁脩聙脩聝脨陆脩聜""|""脨驴脨戮脨录脨赂脨麓脨戮脩聙脩聥 脨虏 脩聜脨碌脨驴脨禄脨赂脩聠脨碌""|""脨驴脨戮脨录脨赂脨麓脨戮脩聙脩聥 脨虏 脨鲁脩聙脩聝脨陆脩聜""|""脨驴脨戮脩聛脨掳脨麓脨潞脨掳 脨驴脨戮脨录脨赂脨麓脨戮脩聙""|""脨驴脨戮脨录脨赂脨麓脨戮脩聙脩聥 脨虏 脨戮脩聜脨潞脩聙脩聥脩聜脨戮脨录 脨鲁脩聙脩聝脨陆脩聜脨碌""|""脨驴脨戮脩聡脨碌脨录脩聝 脨驴脨戮脨录脨赂脨麓脨戮脩聙脩聥""|""脨驴脨戮脨录脨赂脨麓脨戮脩聙脩聥 脨虏脨赂脨麓脨碌脨戮""|""脩聜脨戮脨录脨掳脩聜""|""脩聜脨戮脨录脨掳脩聜脩聥""|""脨驴脨戮脨录脨赂脨麓脨戮脩聙脩聥""|""脨虏脩聥脩聜脩聫脨陆脩聝脩聜脨掳脩聫 脩聙脨掳脩聛脩聛脨掳脨麓脨掳""|""脨驴脨碌脩聙脨碌脩聙脨戮脩聛脩聢脨掳脩聫 脩聙脨掳脩聛脩聛脨掳脨麓脨掳""|""脩聙脨掳脩聛脩聛脨掳脨麓脨掳""",14118,519,17,16,False,False,False,Howto & Style
MLMbhYGkyQc,2017-12-29,脨隆脨掳脨陆脩聛脨掳脩聙脨掳 芒聙聯 脨垄脩聫脨陆脨碌脩聜 脨虏 脩聛脩聜脨戮脩聙脨戮脨陆脩聝 脩聜脨碌脨卤脩聫 冒聼聵聧,sansaraTV,10,2017-12-28 11:49:34+00:00,"sansara|""脩聛脨掳脨陆脩聛脨掳脩聙脨掳""|""脨卤脩聝脩聢脨碌""|""脨禄脩聨脨卤脨戮脨虏脩聦""|""love""|""脩聛脩聡脨掳脩聛脩聜脩聦脨碌""|""脨驴脨掳脩聙脨碌脨陆脩聦 脩聛 脩聢脨掳脩聙脨赂脨潞脨戮脨录""|""脩聢脨掳脩聙脨赂脨潞""|""instagram""|""instagram stories""|""脨赂脨陆脩聛脩聜脨掳脨鲁脩聙脨掳脨录""|""脩聙脨戮脨录脨掳脨陆脩聜脨赂脨潞脨掳""|""脩聙脨戮脨录脨掳脨陆脩聜脨赂脨潞""|""脨虏脩聛脩聜脩聙脨碌脩聡脨掳""|""脩聜脩聫脨陆脨碌脩聜""",177233,350,367,88,False,False,False,Music
88kkrRv1UgI,2017-11-21,What Happens to You if You Upload Your Mind to a Computer?,RealLifeLore,27,2017-11-17 16:37:31+00:00,"real life lore|""real life lore maps""|""real life lore geography""|""real life maps""|""world map""|""world map is wrong""|""world map with countries""|""world map real size""|""map of the world""|""world geography""|""geography""|""geography (field of study)""|""facts you didn芒聙聶t know""|""computer""|""upload your brain""|""upload your mind""|""mind uploading""|""mind upload""|""upload""|""immortality""|""upload consciousness""|""upload memory""|""what happens to you if""|""computers""",345819,13456,779,1932,False,False,False,Education
Skf30tzwCic,2018-02-20,Types Of Husbands | Surprise | Hyderabadi Comedy | Warangal Diaries,Warangal Diaries,23,2018-02-18 10:03:42+00:00,"warangal diaries|""latest""|""funny""|""comedy""|""Balajimovies""|""shalimar""|""vines""|""types of husbands""|""kinds of husbands""|""characters of husbands""|""warangal diaries new video""|""warangal diaries latest video""|""surprise""|""playbutton""|""silver creator award""|""announcement""|""hyderabadi comedy""|""husbands be like""|""husbands""|""hyderabadi husbands""|""indian husbands""|""funny husbands""|""husband scenes""|""funny husbands be like""|""comic""|""jokes""|""hyderabadi funny""|""hyderabadi""|""types of men""|""kinds of men""|""men be like""|""funny men scenes""",109658,9880,225,2140,False,False,False,Comedy
jffs3GJfq5E,2018-05-22,脵聟脴鲁脵聞脴鲁脵聞 脴拢脴篓脵聢 脴鹿脵聟脴卤 脴搂脵聞脵聟脴碌脴卤脵聤 - 脴搂脵聞脴颅脵聞脵聜脴漏 脴搂脵聞脴庐脴搂脵聟脴鲁脴漏 | 脴拢脴颅脵聟脴炉 脴鹿脴虏 | Abou Omar Elmasry - Eps 5,TVision,24,2018-05-21 19:30:01+00:00,"TVision|""Tarek El Ganainy""|""脴路脴搂脴卤脵聜 脴搂脵聞脴卢脵聠脴搂脵聤脵聠脵聣""|""Arabic Series""|""脵聟脴鲁脵聞脴鲁脵聞 脴鹿脴卤脴篓脵聣""|""脵聟脴鲁脵聞脴鲁脵聞 脵聟脴碌脴卤脵聣""|""脵聟脴鲁脵聞脴鲁脵聞脴搂脴陋 脴陋脵聤 脵聛脵聤脴卢脵聠""|""脵聟脴鲁脵聞脴鲁脵聞脴搂脴陋 TVision""|""脵聟脴鲁脵聞脴鲁脵聞 脴搂脴篓脵聢 脴鹿脵聟脴卤 脴搂脵聞脵聟脴碌脴卤脵聤""|""脴拢脴颅脵聟脴炉 脴鹿脴虏""|""脵聟脵聠脴掳脴卤 脴卤脵聤脴搂脴颅脵聠脴漏""|""脵聟脴鲁脵聞脴鲁脵聞 脴搂脴颅脵聟脴炉 脴鹿脴虏""|""Abou Omar Elmasry""|""脵聟脴鲁脵聞脴鲁脵聞 脴卤脵聟脴露脴搂脵聠""|""脵聟脴鲁脵聞脴鲁脵聞脴搂脴陋 脴卤脵聟脴露脴搂脵聠""|""脴卤脵聟脴露脴搂脵聠 2018""|""脴拢脴篓脵聢 脴鹿脵聟脴卤 脴搂脵聞脵聟脴碌脴卤脵聤 脴搂脴颅脵聟脴炉 脴鹿脴虏""|""脴搂脵聞脴颅脵聞脵聜脴漏 脴搂脵聞脴庐脴搂脵聟脴鲁脴漏""|""脴搂脴篓脵聢 脴鹿脵聟脴卤 脴搂脵聞脵聟脴碌脴卤脵聤 脴搂脵聞脴颅脵聞脵聜脴漏 脴搂脵聞脵聝脴搂脵聟脵聞脴漏""|""脴搂脵聞脴颅脵聞脵聜脴漏 脴搂脵聞脵聝脴搂脵聟脵聞脴漏""|""脴搂脴篓脵聢 脴鹿脵聟脴卤 脴搂脵聞脵聟脴碌脴卤脵聤 脴搂脵聞脴颅脵聞脵聜脴漏 脴搂脵聞脴庐脴搂脵聟脴鲁脴漏""|""UCIAe""|""T Vision""|""脴陋脵聤 脵聛脵聤脴卢脵聠""|""脵聜脵聠脴搂脴漏 脴陋脵聤 脵聛脵聤脴卢脵聠""|""脴路脴搂脴卤脵聜 脴搂脵聞脴卢脵聠脴搂脵聤脵聠脵聤""|""2018""|""脴篓脴卤脴搂脵聟脴卢 Tvision""|""Tvision 脴搂脴篓脵聢 脴鹿脵聟脴卤 脴搂脵聞脵聟脴碌脴卤脵聤""|""脴搂脵聞脴颅脵聞脵聜脴漏 5""",131830,870,75,139,False,False,False,Entertainment
2sKzPy-cmGw,2017-11-21,La science des ballons,Zeste de Science,28,2017-11-20 15:56:07+00:00,"science""|""ballon""|""explosion""|""physique""|""mat脙漏riaux""|""latex""|""recherche""|""actualit脙漏""|""cnrs""|""fracture",11337,237,1,21,False,False,False,Science & Technology
vVkxhrSLtcU,2018-01-31,Famous Dex - Pick It Up feat. A$AP Rocky [Official Video]- REACTION,ZIAS!,24,2018-01-28 20:12:31+00:00,"Zias!|""zias""|""zias reaction""|""zias reacts""|""reactions""|""reaction video""|""reaction channels""|""reaction zias""|""justzik""|""justzik reaction""|""famous dex""|""famous dex pick it up""|""famous dex pick it up music video""|""famous dex pick it up video""|""famous dex asap rocky""|""famous dex asap rocky pick it up""|""famous dex asap rocky video""|""famous dex asap rocky pick it up music video""|""pick it up famous dex music video""|""chris and queen""|""queen naija""|""solluminati""|""prettyboyfredo""|""the 2x family""|""morezias""",463264,23687,188,2283,False,False,False,Entertainment
5F0UeG-Lsxo,2018-04-23,Kevin Lee vs Edson Barboza Highlights,Kerubi Black,17,2018-04-22 13:11:37+00:00,"kevin lee|""edson barboza""|""ufc""|""mma""",206594,1387,180,668,False,False,False,Sports
4OZ3pQ7pLSU,2018-02-07,10 FORBIDDEN PLACES You芒聙聶re Not Allowed to Visit! Part 2,MatthewSantoro,27,2018-02-06 23:19:36+00:00,"forbidden places|""secret places""|""secrets""|""secret""|""revealed""|""exposed""|""Ise Grand Shrine""|""japan""|""Lascaux Caves""|""france""|""hidden""|""Tomb of Qin Shi Huang""|""china""|""Heard Island Volcano""|""australia""|""Royal Air Force Station""|""uk""|""Snake Island""|""brazil""|""Ilha da Queimada Grande""|""Bohemian Grove""|""usa""|""Vatican Secret Archives""|""italy""|""North Sentinel Island""|""Svalbard Global Seed Vault""",148337,7687,92,909,False,False,False,Education
PPNheCc_qcY,2017-11-30,Ve R脛卤za Sarraf Konu脜聼tu! B脙录t脙录n Her 脜聼eyi Tek Tek A脙搂脛卤klad脛卤,T脛卤k 脛掳脙搂erde,25,2017-11-29 18:14:48+00:00,"r脛卤za sarraf|""reza zarrab""|""r脛卤za""|""sarraf""|""reza""|""zarrab""|""r脛卤za sarraf konu脜聼tu""|""reza zarrab konu脜聼tu""|""son dakika reza zarrab""|""g脙录ndem""|""siyaset""|""politika""|""haber""|""haberler""|""reza zarrab kimdir""|""reza zarrab davas脛卤""|""r脛卤za sarraf davas脛卤""|""tayyip erdo脛聼an zarrab""|""zarrab erdo脛聼an""|""cumhurba脜聼kan脛卤 erdo脛聼an""|""zafer 脙搂aylayan""|""egemen ba脛聼脛卤脜聼""|""r脛卤za sarraf ne konu脜聼tu""|""tayyip erdo脛聼an""|""erdo脛聼an""|""recep tayyip erdo脛聼an""",74377,321,58,349,False,False,False,News & Politics
6JhNytiTfkc,2018-05-28,茫聜鹿茫聜芦茫聝聝茫聛篓茫聛聶茫聜聥猫漏卤茫聙聙茫聜鲁茫聝聢茫聝隆茫聛聦茅聡聦氓赂掳茫聜聤氓聡潞莽聰拢茫聛聴茫聛聼茫聙聜茫聝聢茫聝隆茂陆垄茫聜鲁茫聝聢茫聝隆茫聛隆茫聜聝茫聜聯茫聛芦忙虏聬忙碌麓茫聛庐盲禄聲忙聳鹿忙聲聶茫聛聢茫聛娄茫聛聫茫聜聦茫聛陋茫聛聞?茂陆拢 莽搂聛芒聠聮莽戮漏氓庐聼氓庐露茫聛芦猫隆聦茫聛聫茫聛篓茂陆垄茫聛聜茫聜聦?茫聝聶茫聝聯茫聝录茫聝聬茫聜鹿茫聛炉?茫聛聠茫聛隆茫聛芦茫聛炉茫聛陋茫聛聞 茫聛庐茫聜聢!茂陆拢茫聛篓忙聙聮茫聜聣茫聜聦茫聛聼芒聙娄茂录聢茫聜鹿茫聜芦茫聝聝茫聛篓莽楼颅茫聜聤茂录聣,茫聜鹿茫聜芦茫聝聝茫聛篓莽楼颅茫聜聤,22,2018-05-27 02:00:02+00:00,"茫聜鹿茫聜芦茫聝聝茫聛篓茫聛聶茫聜聥猫漏卤|""茫聜鲁茫聝聢茫聝隆""|""茅聡聦氓赂掳茫聜聤""|""氓聡潞莽聰拢""|""茫聝聢茫聝隆""|""忙虏聬忙碌麓""|""莽戮漏茫聛聵茫聛拢茫聛聜""|""茫聜鹿茫聜芦茫聝聝茫聛篓莽楼颅茫聜聤""",32069,108,71,10,False,False,False,People & Blogs
kBSrODKaM3c,2018-04-29,脨篓脨聻脨楼脨聳脨聬脨楼脨聻脨聺 脨颅脨聽脨聯脨聬脨篓脨聲脨聮 VS 脨聳脨聵脨聹脨聺脨聯 脨聮脨聬脨聺脨聯 脨聼脨聽脨炉脨聹脨聻脨聶 脨颅脨陇脨聵脨聽,Shumbola Tv,17,2018-04-29 01:28:50+00:00,[none],47682,1806,72,208,False,False,False,Sports
ptHPaN67P1g,2018-01-06,TOP 2 MUNDIAL FUT CHAMPIONS RECOMPENSAS! EL PRIMER 40-0 DE SU PA脙聧S... FIFA 18,ROBERT PG,20,2018-01-05 21:04:16+00:00,"fifa18|""recompensas""|""fut champions""|""top mundial""|""top2""|""robert pg""|""ultimate team""|""40-0""",334810,62432,508,1791,False,False,False,Gaming
mrf-b8ZM7r4,2018-05-30,脵聟脴篓脴搂脴卤脴搂脴漏 脴搂脵聞脴搂脴卤脴卢脵聠脴陋脵聤脵聠 脵聢脵聡脴搂脵聤脴陋脵聤 脵聝脴搂脵聟脵聞脴漏 ( 脴麓脴搂脴麓脴漏 脵聝脴搂脵聟脵聞脴漏 ) - 脵聟脴篓脴搂脴卤脴搂脴漏 脵聢脴炉脵聤脴漏 30-5-2018,MediaKooraHD-TV+2,17,2018-05-30 01:51:43+00:00,[none],626897,9780,439,25,False,False,False,Sports
abXuWY925Qo,2018-03-05,Le m脙漏nage au chrono !,COOK WITH ME,26,2018-03-05 10:30:00+00:00,"#astucesmaison""|""#organisation""|""#m脙漏nage""|""#viedefamille""|""speedcleaning""|""lem脙漏nagepourlesparesseux""|""nettoyage",1482,0,0,0,True,True,False,Howto & Style
XwKky9Kbr0U,2018-02-21,脨聭脨聻脨聳脨聲脨隆脨垄脨聮脨聲脨聺脨聺脨芦脨聲 脨聼脨聲脨隆脨聺脨聵 脨聵脨聴 脨隆脨聲脨聽脨聵脨聬脨聸脨聻脨聮!,脨聼脨掳脨禄脨掳脩聜脨掳 6,23,2018-02-20 12:21:04+00:00,"脨录脩聝脨路脩聥脨潞脨掳脨禄脩聦脨陆脩聥脨鹿 脩聜脨戮脨驴|""脨录脩聝脨路脩聥脨潞脨掳脨禄脩聦脨陆脨掳脩聫 脨驴脨戮脨麓脨卤脨戮脩聙脨潞脨掳""|""脩聛脨碌脩聙脨赂脨掳脨禄""|""脨驴脨碌脩聛脨陆脨赂 脩聛脨碌脩聙脨赂脨掳脨禄脩聥""|""脨赂脨陆脩聜脩聙脨戮 脩聛脨碌脩聙脨赂脨掳脨禄""|""脨路脨掳脨碌脨麓脨掳脩聨脩聣脨赂脨碌 脨驴脨碌脩聛脨陆脨赂""|""脨陆脨掳脨路脨戮脨鹿脨禄脨赂脨虏脩聥脨碌 脨驴脨碌脩聛脨陆脨赂""|""脨陆脨戮脨虏脩聥脨鹿 脨潞脨禄脨赂脨驴""|""脨驴脨掳脨禄脨掳脩聜脨掳""|""脨驴脨掳脨禄脨掳脩聜脨掳 脩聜脨戮脨驴""|""脩聣脩聭脨禄脨潞""|""脨驴脨掳脨禄脨掳脩聜脨掳 6""|""脨陆脨戮脨虏脩聥脨碌 脨潞脨禄脨赂脨驴脩聥""|""脩聨脨录脨戮脩聙""|""脨掳脨陆脨赂脨录脨掳脩聠脨赂脩聫""|""脨戮脩聛脩聜脩聙脩聥脨碌 脨潞脨戮脨路脩聥脩聙脩聦脨潞脨赂""|""脩聜脨碌脨戮脩聙脨赂脩聫 脨卤脨戮脨禄脩聦脩聢脨戮脨鲁脨戮 脨虏脨路脩聙脩聥脨虏脨掳""|""脨戮脩聜脨卤脩聙脨戮脩聛脩聥""|""脨录脨赂脩聛脩聞脨赂脩聜脩聛""|""脨陆脨掳脩聛脩聜脨戮脩聫脩聣脨赂脨鹿 脨麓脨碌脩聜脨碌脨潞脩聜脨赂脨虏""|""脩聜脩聙脩聝 脨麓脨碌脩聜脨碌脨潞脩聜脨赂脨虏""|""脨麓脩聙脩聝脨路脩聦脩聫""|""脩聛脨碌脩聙脨赂脨掳脨禄 脨麓脩聙脩聝脨路脩聦脩聫""|""脨驴脨碌脩聛脨陆脩聫 脨赂脨路 脩聛脨碌脩聙脨赂脨掳脨禄脨掳""|""脨鲁脨禄脨掳脨虏脨陆脨掳脩聫 脩聜脨碌脨录脨掳""|""脩聛脨戮脨戮脨卤脩聣脨碌脩聛脩聜脨虏脨戮""|""脨卤脩聝脨潞脨赂脨陆脩聥""|""脨录脨戮脩聫 脨驴脩聙脨碌脨潞脩聙脨掳脩聛脨陆脨掳脩聫 脨陆脩聫脨陆脩聫""|""脨驴脨掳脨驴脨赂脨陆脩聥 脨麓脨戮脩聡脨潞脨赂""|""脩聜脨卤脨虏""|""脨驴脨碌脩聛脨陆脩聫 脨赂脨路 脨麓脩聙脩聝脨路脨碌脨鹿""|""脩聜脨掳脨鹿脨陆脩聥 脩聛脨录脨戮脨禄脨虏脨赂脨禄脨禄脩聫""|""脨路脨掳脩聡脨掳脩聙脨戮脨虏脨掳脨陆脨陆脩聥脨碌""|""脩聜脨戮脨驴 脩聛脨碌脩聙脨赂脨掳脨禄脩聥""",339931,28448,1011,4956,False,False,False,Comedy
Y9nDagqKL7Q,2017-11-19,venting online about a hard part in a video game,ProZD,1,2017-11-13 20:47:49+00:00,"venting online|""video game""|""dark souls""|""dragon""|""twitter""|""reddit""|""youtube comments""|""beat the game""|""spoilers""|""spoiler""|""ending""|""final""|""tweet""|""tweeting""",612546,30139,527,1774,False,False,False,Film & Animation
bu-q824mibg,2018-03-31,[毛聰聰铆聛聬毛漏聵铆聞掳毛娄卢] 毛聫聶毛掳漏矛聥聽锚赂掳 Ep.2 毛聜聵毛聤聰 矛聥卢矛掳陆毛炉录矛聺麓毛聥陇 (D-cumentary: TVXQ! Ep.2 MAX),M2,24,2018-03-30 13:00:06+00:00,"矛聴聽毛聞路|""Mnet""|""矛聴聽铆聢卢""|""M2""|""MPD""|""矛聴聽铆聰录毛聰聰""|""Kpop""|""K-Pop""|""K铆聦聺""|""矛聲聞矛聺麓毛聫聦""|""铆聲聹锚碌颅""|""毛聺录矛聺麓毛赂聦""|""毛聦聞矛聤陇""|""Dance""|""Live""|""矛聲聢毛卢麓""|""毛聥陇铆聛聬毛漏聵铆聞掳毛娄卢""|""毛聰聰铆聛聬毛漏聵铆聞掳毛娄卢""|""毛聰聰矛搂聙铆聞赂 毛聥陇铆聛聬毛漏聵铆聞掳毛娄卢""|""毛聫聶毛掳漏矛聥聽锚赂掳""|""TVXQ""|""矛聽聲矛聹陇铆聵赂""|""矛聥卢矛掳陆毛炉录""|""矛聹聽毛聟赂矛聹陇铆聵赂""|""矛碌聹锚掳聲矛掳陆毛炉录""|""TVXQ!""|""U-KNOW""|""MAX""|""矛職麓毛陋聟""|""毛聫聶毛掳漏矛聥聽锚赂掳 毛聥陇铆聛聬毛漏聵铆聞掳毛娄卢""|""D-cumentary""",49157,3244,46,154,False,False,False,Entertainment
SPn7e5IgXHc,2018-02-06,Dirili脜聼 Ertu脛聼rul 105.B脙露l脙录m 2.Tan脛卤t脛卤m脛卤,TRT 1,24,2018-02-05 18:31:18+00:00,"trt|""trt1""",158050,1994,60,0,True,False,False,Entertainment
_g3CYTjLmS4,2018-01-26,8 DIY Weird Makeup Ideas / Miniature And Giant Makeup,Troom Troom,26,2018-01-23 20:00:07+00:00,"makeup|""miniature makeup""|""how to make""|""mini""|""diy""|""diys""|""eyeshadow""|""miniature doll makeup""|""miniature palette""|""miniature makeup diy""|""miniature makeup things""|""miniature cosmetics""|""miniature makeup for dolls""|""diy giant""|""diy lipstick""|""giant diy""|""giant makeup things""|""makeup toys""|""Miniature And Giant Makeup""|""weird makeup ideas""|""Giant Makeup""",2328327,24874,1740,1725,False,False,False,Howto & Style
C5F32T2wYog,2017-12-23,Paris Saint-Germain - SM Caen (3-1)  - R脙漏sum脙漏 - (PARIS - SMC) / 2017-18,Ligue 1 Conforama,17,2017-12-21 02:32:41+00:00,"Paris Saint-Germain SM Caen""|""PARIS SMC""|""Paris Caen""|""R脙漏sum脙漏 Paris Saint-Germain SM Caen""|""R脙漏sum脙漏 PARIS SMC""|""R脙漏sum脙漏 Paris Caen""|""Paris Saint-Germain""|""Paris""|""SM Caen""|""Caen""|""r脙漏sum脙漏""|""r脙漏sum脙漏 Ligue 1 Conforama""|""buts""|""but""|""ligue 1""|""ligue 1 Conforama""|""league 1""|""L1""|""championnat""|""journ脙漏e""|""football""|""foot""|""match""|""France""|""sp:ty=high""|""sp:dt=2017-12-20T19:50:00Z""|""sp:vl=fr""|""sp:st=soccer""|""sp:li=france""|""sp:ti:home=PARIS""|""sp:ti:away=SMC",342952,2967,250,200,False,False,False,Sports
FNZpRxkMTIQ,2018-01-18,LOS POLINESIOS - ENTREVISTA ESPECIAL,SomosPolinesios,24,2018-01-17 19:00:01+00:00,"Lesslie|""karen""|""rafa""|""kler""|""aria""|""raniux""|""lesslie polinesia""|""karen polinesia""|""rafa polinesio""|""aria polinesia""|""kler polinesia""|""raniux polinesia""|""platica Polinesia""|""extra polinesios""|""los polinesios""|""musas""|""juxiis""|""Entrevista a los polinesios""|""脗驴Quien son los polinesios?""",5606,1012,6,125,False,False,False,Entertainment
sZsJyCyGBSI,2018-04-07,Sakeru Gum series 茫聛聲茫聛聭茫聜聥茫聜掳茫聝聼 #1-11 complete (Eng SUB),Violet Sumire,22,2018-04-05 16:18:04+00:00,[none],678773,12606,127,508,False,False,False,People & Blogs
MeajunEwlPY,2017-12-26,脴搂脵聞脴鲁脴鹿脵聢脴炉脵聤脴漏 脵聞脴搂 脴陋脴鲁脴陋脴路脵聤脴鹿 脵聛脵聡脵聟 脴鹿脵聜脵聞脵聤脴漏 脴搂脵聞脴麓脴鹿脴篓 脴搂脵聞脴卢脴虏脴搂脴娄脴卤脵聤 脵聞脴拢脵聠脵聡 脴麓脴鹿脴篓 脴芦脴搂脴娄脴卤 脵聢脵聤脴卤脵聛脴露 脴搂脵聞脴楼脵聠脴篓脴路脴搂脴颅 脵聞脴拢脵聤 脵聝脴搂脵聠,脴碌脵聠脴鹿 脵聛脵聤 脴搂脵聞脴卢脴虏脴搂脴娄脴卤,24,2017-12-25 17:02:45+00:00,脴搂脵聞脴卢脴虏脴搂脴娄脴卤 脴搂脵聞脴鲁脴鹿脵聢脴炉脵聤脴漏 脴陋脵聤脵聛脵聢 脴搂脵聞脵聜脴炉脴鲁,40955,879,48,161,False,False,False,Entertainment
_RNbhoJVlno,2018-01-30,"20 脨職脨拢脨楼脨聻脨聺脨聺脨芦脨楼 脨聸脨聬脨聶脨陇脨楼脨聬脨職脨聻脨聮, 脨職脨聻脨垄脨聻脨聽脨芦脨聲 脨聰脨聻脨聸脨聳脨聲脨聺 脨聴脨聺脨聬脨垄脨卢 脨職脨聬脨聳脨聰脨芦脨聶",脨聭脨聲脨聽脨聵 脨聵 脨聰脨聲脨聸脨聬脨聶,26,2018-01-29 16:00:04+00:00,"脨隆脨麓脨碌脨禄脨掳脨鹿 脩聛脨掳脨录|""脨禄脨掳脨鹿脩聞脩聟脨掳脨潞脨赂""|""脨驴脨戮脨麓脨碌脨禄脨潞脨赂""|""脨卤脨碌脩聙脨赂 脨赂 脨麓脨碌脨禄脨掳脨鹿""|""脩聛脨戮脨虏脨碌脩聜脩聥""|""diy""|""lifehack""|""脨戮脨卤脩聝脩聡脨碌脨陆脨赂脨碌""|""脩聟脨碌脨陆脨麓-脨录脨碌脨鹿脨麓""|""脩聛脨麓脨碌脨禄脨掳脨鹿 脩聛脨掳脨录""|""脨驴脨戮脨禄脨碌脨路脨陆脩聥脨碌 脨虏脨碌脩聣脨赂""|""脩聟脨赂脩聜脩聙脨戮脩聛脩聜脨赂""|""脩聛脨掳脨录脨戮脨麓脨碌脨禄脩聦脨陆脩聥脨碌 脨虏脨碌脩聣脨赂""|""脩聙脩聝脨潞脨戮脨麓脨碌脨禄脨赂脨碌""|""脩聙脩聝脩聡脨陆脨掳脩聫 脩聙脨掳脨卤脨戮脩聜脨掳""|""脩聙脩聝脨潞脨戮脨虏脨戮脨麓脩聛脩聜脨虏脨戮""|""脨驴脨戮脨麓脨卤脨戮脩聙脨潞脨掳""|""脨麓脩聙脨戮脨露脨露脨赂""|""脩聛脨掳脩聟脨掳脩聙""|""脨路脨掳脨录脨戮脩聙脨掳脨露脨赂脨虏脨掳脩聜脩聦""|""脨潞脩聝脩聟脨陆脩聫""|""脨鲁脨戮脩聜脨戮脨虏脨赂脩聜脩聦""|""脨路脨掳脨驴脨碌脨潞脨掳脩聜脩聦""|""脨鲁脩聙脨赂脨禄脩聦""|""脨录脨掳脩聙脨赂脨陆脨戮脨虏脨掳脩聜脩聦""|""脩聡脨碌脩聛脨陆脨戮脨潞""|""脨录脨戮脩聙脨潞脨戮脨虏脩聦""|""脨戮脨虏脨戮脩聣脨赂""|""脩聡脨赂脩聛脩聜脨赂脩聜脩聦 脨潞脨戮脨露脩聝脩聙脩聝""|""脨卤脩聝脨录脨掳脨鲁脨掳""|""脨卤脩聝脩聜脩聥脨禄脨潞脨掳""|""脨戮脩聜脨潞脩聙脩聥脨虏脨掳脩聢脨潞脨掳""|""脨虏脩聙脨碌脨麓脨陆脩聥脨鹿 脨录脨掳脨鹿脨戮脨陆脨碌脨路""|""脨鹿脨戮脨麓""|""脩聛脨虏脨碌脨露脨赂脨碌""|""脩聫脨鹿脩聠脨掳""|""脨禄脨赂脨录脨戮脨陆""|""脨潞脩聝脩聙脨赂脩聠脨掳""|""脩聝脨卤脨戮脩聙脨潞脨掳""|""脩聙脩聥脨卤脨掳""|""脨麓脨碌脨潞脨戮脩聙脨掳脩聠脨赂脩聫""",16091,618,72,178,False,False,False,Howto & Style
jJJ7YTt_C4M,2018-02-19,Dramatic People,Tabbes,1,2018-02-17 21:42:56+00:00,"drama|""drama queens and drama kings""|""lunchroom brawls""|""school fights""|""ambulances""|""slander and gossipers""|""cartoon""|""animation""|""animatic""|""storyboard""|""storytime rant discussion""|""satire and humor""|""scribble""|""doodle""|""crowns and bats""|""youtube animation community""",431292,28567,324,3918,False,False,False,Film & Animation
ZWuPwcwl214,2017-12-15,Google Home Max Review: $400 Smart Speaker?,Marques Brownlee,28,2017-12-14 23:52:10+00:00,"Google Home Max|""smart speaker""|""google speaker""|""WiFi speaker.""|""Google Home""|""Google Home speaker""|""Google""|""Home Max""|""HomePod""|""Apple HomePod""|""Apple speaker""|""siri speaker""|""google assistant""|""Google Home vs""|""Google Home Max vs""",321101,23560,206,1923,False,False,False,Science & Technology
cK6K2e2ho5A,2018-03-09,Papa a Toda Madre | Avance 8 De Marzo,ERICK NOVELAS,22,2018-03-08 03:40:28+00:00,[none],49972,215,9,22,False,False,False,People & Blogs
jKyaAmXOtXI,2018-05-26,PRINCIPE Harry ha llevado a Meghan a ver la TUMBA de su MADRE la princesa DIANA,Periodico VIRAL,22,2018-05-24 21:40:19+00:00,"noticias|""de""|""ultima""|""hora""|""principe harry""|""ha llevado a meghan""|""a ver la""|""tumba de su madre""|""la princesa diana""|""lady di""|""diana de gales""|""la reina""|""isabel""|""boda real""|""hijo de la princesa diana""|""harry y meghan markle""|""harry""|""meghan""|""princesa diana""|""duquesa""|""principes""|""rey""|""monarquia""|""principe harry a llevado a meghan""|""tumba de la princesa diana""|""far脙隆ndula""|""esc脙隆ndalo""|""espect脙隆culo""|""celebridades""|""la reina isabel""|""famosos""|""chismes""|""al rojo vivo""|""las l脙隆grimas del principe harry""|""realeza""|""familia real""",169963,1067,133,76,False,False,False,People & Blogs
l_BQh5chqxM,2018-05-20,脵聟脴鲁脵聞脴鲁脵聞 脵聛脵聢脴露脵聣 脴搂脵聞脴颅脵聞脵聜脴漏 1 脴搂脵聞脴拢脵聢脵聞脵聣  | 脴鲁脵聞脵聢脵聟 脴颅脴炉脴搂脴炉 脵聢 脴搂脵聟脴搂脴卤脴搂脴陋 脴卤脴虏脵聜,Sma Al Fan Production International 脴鲁脵聟脴搂 脴搂脵聞脵聛脵聠 脴搂脵聞脴炉脵聢脵聞脵聤脴漏 脵聞脵聞脴楼脵聠脴陋脴搂脴卢,22,2018-05-17 20:00:05+00:00,"脴鲁脵聞脵聢脵聟 脴颅脴炉脴搂脴炉|""脵聛脵聢脴露脵聣""|""脵聟脴鲁脵聞脴鲁脵聞 脵聛脵聢脴露脵聣""|""脵聡脵聤脴搂 脵聟脴卤脴鹿脴麓脵聞脵聤""|""Fawda""|""脴炉脴卤脴搂脵聟脴搂""|""脴搂脴卢脴陋脵聟脴搂脴鹿脵聤""|""脵聟脴鲁脵聞脴鲁脵聞""",361254,3617,491,739,False,False,False,People & Blogs
nn8YGPZdCvA,2018-03-06,The myth of King Midas and his golden touch - Iseult Gillespie,TED-Ed,27,2018-03-05 16:08:59+00:00,"Iseult Gillespie|""TED-Ed""|""TED""|""TED Ed""|""Teded""|""Ted Education""|""Midas""|""King Midas""|""gold""|""myth""|""mythology""|""greek mythology""|""legend""|""lore""|""golden touch""",183758,10466,147,938,False,False,False,Education
56KYMMGudcU,2017-12-17,Eminem - Untouchable (Audio),EminemVEVO,10,2017-12-08 05:00:01+00:00,"Eminem|""Untouchable""|""Aftermath/Shady/Interscope""|""Rap""|""Eminem Untouchable""|""Eminem 2017""|""New Eminem""|""New Eminem 2017""|""New Eminem Untouchable""|""Untouchable Eminem""|""Revival 2017""|""Eminem Revival""|""Eminem single""|""Eminem single 2017""|""Untouchable Revival""|""Eminem Songs""|""Eminem album""|""Eminem all songs""",10351372,392058,40092,95437,False,False,False,Music
BqW6YBJx3go,2018-04-27,Chootay Maatay - GURI (Full Song) J Star | Satti Dhillon | Latest Punjabi Song 2018 | Geet MP3,Geet MP3,10,2018-04-26 12:30:01+00:00,"latest punjabi videos 2017|""latest songs""|""punjabi songs""|""latest songs 2017""|""latest videos""|""latest punjabi songs""|""punjabi music""|""punjabi videos 2017""|""punjabi""|""latest""|""songs""|""geet mp3""|""chootay maatay""|""chootey maatey""|""jhutte maate""|""chootay maatay guri""|""guri new songs""|""satti dhillon""|""j star""|""jhutte maate guri""|""latest punjabi song 2018""|""new punjabi song""|""guri""|""geetmp3""|""punjabi beat song""|""club song""|""new punjabi song 2018""|""jung sandhu""|""gk digital""|""punjabi video song""|""jhoote maate""",1860256,86470,7076,9980,False,False,False,Music
FxFF5bgG6xs,2018-03-02,Calling my Mom to tell her I'm Trans 冒聼聮聶,Ash Hardell,23,2018-02-14 21:32:33+00:00,"heythere005|""ashley""|""mardell""|""funny""|""vlog""|""goofy""|""trans""|""transgender""|""non binary""|""nonbinary""|""nb""|""enby""|""coming out""|""coming out live""|""coming out to mom""|""how to come out to parents""|""coming out as trans""|""how to come out as transgender""|""how to come out as nonbinary""|""explaining nonbinary to parents""|""phone call""|""agender""|""genderfluid""|""genderqueer""|""top surgery""|""dysphoria""|""ash hardell""|""explaining nonbinary""|""gender""|""gender identity""|""lgbt""|""queer""",1375861,48659,2235,5093,False,False,False,Comedy
o3Fam8LqZjA,2018-01-04,THE FREE BIKE CHALLENGE - PART 3,Sam Pilgrim,17,2018-01-02 18:00:05+00:00,"sam pilgrim|""sam pilgrim biking""|""sam pilgrim mtb""|""mtb edit""|""sam pilgrim riding""|""sam pilgrim mountain bike""|""sam pilgrim 2017""|""biking""|""mtb""|""riding""|""''sam""|""pilgrim""|""bike""|""the free bike challenge""|""free bike""|""bike challenge""|""free bike challenge""|""part 3""|""part three""|""pilgrim mtb""|""sam pilgrim challenge""|""challenge video""|""dirt jump""|""dirt jumping""|""freeride mtb""|""paradise dirt""|""dirt mtb""|""fs5""|""slow motion""|""big jumps""|""tricks""|""mtb tricks""|""wheelie""|""jump bike""",31566,2219,15,507,False,False,False,Sports
1PjBSKGvr5g,2017-12-24,脙聡ukur 10. B脙露l脙录m 2. Fragman,脙聡ukur,22,2017-12-23 18:43:14+00:00,"脙搂ukur|""脙搂ukur dizisi""|""脙搂ukur dizisi oyuncular脛卤""|""脙搂ukur fragman""|""脙搂ukur son""|""ay yap脛卤m""|""yama脙搂""|""yama脙搂 ve sena""|""kerem 脙搂atay""|""aras bulut iynemli""|""dilan 脙搂i脙搂ek deniz""|""perihan sava脜聼""|""yerli dizi hd izle""|""脙搂ukur izle""|""脙聡ukur 10. B脙露l脙录m 2. Fragman""",1012573,15192,268,1716,False,False,False,People & Blogs
rIuatCCtllA,2017-12-14,锚鲁聽毛聯聽 毛聻篓矛搂聙 vs 矛聺麓矛聴掳毛鲁碌 毛鲁赂锚虏漏 矛職聰毛娄卢 毛聦聙锚虏掳 矛聲聻毛聭聬锚鲁聽 毛露聢锚陆聝铆聤聙毛聤聰 矛聥聽锚虏陆矛聽聞,K-eNTeR,24,2017-12-12 06:16:09+00:00,"矛聲聢矛聽聲铆聶聵|""锚鹿聙矛聞卤矛拢录""|""毛聝聣矛聻楼锚鲁聽""|""毛露聙铆聝聛铆聲麓""|""锚鲁聽毛聯聽""|""毛聻篓矛搂聙""|""矛聺麓矛聴掳毛鲁碌""|""矛聟掳铆聰聞""|""矛聵聢毛聤楼""|""毛掳聲毛陋聟矛聢聵""|""矛聹聽矛聻卢矛聞聺""|""锚掳聲铆聵赂毛聫聶""|""矛聺麓矛聢聵锚路录""|""Gordon Ramsay""",890199,3806,199,1396,False,False,False,Entertainment
zqfCHOy3htQ,2018-05-03,Les Black Blocs cassent le 1er mai - C 脙聽 Vous - 02/05/2018,C 脙聽 vous,24,2018-05-02 18:00:22+00:00,"black blocs|""manifestations""|""casseurs""|""1er mai""|""c 脙聽 vous""|""france 5""|""anne-elisabeth lemoine""|""maxime switek""|""pierre lescure""|""patrick cohen""|""marion ruggieri""",8283,17,9,12,False,False,False,Entertainment
tIWpr3tHzII,2018-06-12,[MV] 矛聺麓毛聥卢矛聺聵 矛聠聦毛聟聙 yyxy (LOONA/yyxy) love4eva (feat. Grimes),loonatheworld,24,2018-05-30 09:00:03+00:00,"矛聺麓毛聥卢矛聺聵矛聠聦毛聟聙|""矛聺麓毛聥卢矛聺聵""|""矛聠聦毛聟聙""|""BlockBerry""|""BlockBerryCreative""|""LOONA""|""矛聺麓毛赂聦""|""Yves""|""矛赂聞""|""Chuu""|""锚鲁聽矛聸聬""|""Go Won""|""矛聵卢毛娄卢毛鹿聞矛聲聞 铆聵聹""|""Olivia Hye""|""yyxy""|""MV""|""love4eva""",1591893,84034,1340,14445,False,False,False,Entertainment
ENPQC0vMUXI,2018-05-30,Das Ende von Grischistudios?... (TRAILER),Grischistudios,24,2018-05-29 14:30:00+00:00,"grischistudios|""trailer""|""grischistudios musikvideo""|""musikvideo deutsch""|""trailer deutsch""|""offizieller trailer""|""music 2018""|""charts""|""die lochis""|""grischistudios roast yourself challenge""",14515,1824,65,201,False,False,False,Entertainment
PP4bxDTnTZs,2017-12-07,脗隆MARIA RUBIO LLEGA A ACUERDO CON TELEVISA POR MUERTE DE SU HIJO!,Productora 69,22,2017-12-05 21:24:22+00:00,"MARIA RUBIO|""CLAUDIO REYES RUBIO""|""MARU DUE脙聭AS""|""EMILIO AZCARRAGA""|""LUZ MARIA AGUILAR""|""LUCIA MENDEZ""|""DIANA BRACHO""|""JOS脙聣 EL脙聧AS MORENO""|""CUNA DE LOBOS""|""CATALINA CREEL""|""GEORGINA PEDRET""",22555,370,24,67,False,False,False,People & Blogs
bf9C1adEIKQ,2017-12-09,"[矛聠聬铆聺楼毛炉录 毛鲁录铆聞掳矛鹿聵] 铆聶聵矛聝聛矛聽聛矛聺赂 锚掳聬矛聲聞矛掳篓锚赂掳!! 矛聥聹矛娄聦 6铆聵赂锚鲁篓, 2锚虏陆锚赂掳 矛聴掳矛聠聧锚鲁篓矛聺聞 锚赂掳毛隆聺铆聲聵毛聥陇!! (vs 矛聲聞铆聫卢矛聴聵 2017/12/07) 1080p FHD",DALMOON,17,2017-12-06 22:04:36+00:00,"矛聠聬铆聺楼毛炉录|""毛聥卢毛卢赂""|""dalmoon""|""矛露聲锚碌卢""|""铆聲麓矛聶赂铆聦聦""|""铆聲麓矛聶赂铆聦聦 铆聶聹矛聲陆""|""矛卤聰矛聤陇 矛聲聞铆聫卢矛聴聵矛聽聞""|""矛聠聬铆聺楼毛炉录 矛聲聞铆聫卢矛聴聵矛聽聞""|""铆聠聽铆聤赂毛聞聵 矛聲聞铆聫卢矛聴聵""|""铆聠聽铆聤赂毛聞聵 锚掳聬矛聲聞矛掳篓锚赂掳""|""矛聠聬铆聺楼毛炉录 锚鲁篓""|""矛聠聬铆聺楼毛炉录 矛聤聢铆聦聟""|""矛聠聬铆聺楼毛炉录 矛聤聸""|""矛聠聬铆聺楼毛炉录 锚掳聹矛聺赂锚赂掳""|""矛聠聬铆聺楼毛炉录 毛聯聹毛娄卢毛赂聰""|""矛聠聬铆聺楼毛炉录 矛聤陇铆聨聵矛聟聹""",576308,1307,153,596,False,False,False,Sports
RiEnrMfhp8Q,2017-11-20,Dr脙录ckjag  Sau und Damhirsch tot  Polovanie   Deer Hunting,Jagdstifti,24,2017-11-19 12:33:23+00:00,"Ansitz|""Schwarzwildfieber""|""Wildboar hunting""|""Deer""|""Rotwild""|""Schmaltier""|""Schmalspie脙聼er""|""Bock.""|""Dr脙录ckjagd""|""Treibjagd""|""Sauen""|""Schwarzwild""|""Ansitz auf Sauen""|""Polovanie""|""Deer hunting""|""Damhirsch""|""Schaufler""|""Hirsch""|""Alttier""|""Sauen im Mais""|""Maish脙陇ckseln""|""Fuchs""|""Fuchsjagd""|""Frischlinge""|""Bockjagd""|""Wildschweinjagd""|""Damschaufler""|""Deutsch Drahthaar""|""Wildschweine im Mais""|""G脙陇nse""|""G脙陇nsejagd""|""Jagd""|""Jagd in Deutschland""|""Hegeabschuss""|""Keiler""|""脙聹berl脙陇ufer""",2702,35,3,1,False,False,False,Entertainment
sJGgV3p8JzY,2018-02-18,Grace VanderWaal - City Song,GraceVanderWaalVEVO,10,2018-01-31 15:00:04+00:00,"City Song|""Grace VanderWaal""|""Pop""|""Syco Music/Columbia Records""",2807629,158925,1747,9223,False,False,False,Music
5SuDuzAtUwA,2018-01-13,Mercedes-Benz Smart Vision EQ concept first ride,The Verge,28,2018-01-11 00:46:25+00:00,"mercedes-benz smart vision eq|""Mercedes-Benz self-driving car""|""first ride""|""concept car""|""mercedes""|""ces 2018""|""ces2018""|""the verge""|""verge""",121774,2442,290,299,False,False,False,Science & Technology
xe6o4ex7-YA,2018-02-22,Jimmy Kimmel on His Reaction to Fergie's National Anthem,Jimmy Kimmel Live,24,2018-02-21 08:30:01+00:00,"jimmy|""kimmel""|""live""|""late""|""night""|""talk""|""show""|""funny""|""comedic""|""comedy""|""clip""|""comedian""|""fergie""|""national""|""anthem""|""nba""|""all-star""|""game""|""basketball""|""sports""|""star""|""spangled""|""banner""|""singer""|""national anthem""|""star spangled banner""|""nba all-star game""",1534553,27409,1033,1522,False,False,False,Entertainment
